{"train_loss_est":0.8469244781130328,"_step":199,"_wandb":{"runtime":21143},"_runtime":21143,"train_loss":0.36539421376969927,"window_size":5,"train_loss_detection":0.24184000033554526,"_timestamp":1.76783530698071e+09,"epoch":199}