{"window_size":20,"train_loss_detection":0.13013673019792701,"epoch":199,"train_loss":0.2727605886664286,"_timestamp":1.7678935801247442e+09,"_step":199,"train_loss_est":0.9257919564072986,"_runtime":14049,"_wandb":{"runtime":14049}}