{"_timestamp":1.768040760579424e+09,"train_loss_est":2.13979429893916,"window_size":32,"_wandb":{"runtime":18448},"_step":199,"train_loss":0.47577635247299077,"lr":0.0003,"_runtime":18448,"rnn_n_features":256,"epoch":199,"train_loss_detection":0.1461280793900844}