{"window_size":32,"_runtime":12930,"train_loss_detection":0.14154042687652685,"_wandb":{"runtime":12930},"_step":199,"train_loss":0.43112970929524547,"train_loss_est":1.8797656323247063,"_timestamp":1.767932937004777e+09,"epoch":199}