{"train_loss_est":1.316779001220835,"window_size":25,"_timestamp":1.7679069883308651e+09,"_step":199,"_runtime":13403,"train_loss":0.3354539847052897,"train_loss_detection":0.13259620439599862,"_wandb":{"runtime":13403},"epoch":199}