{"_timestamp":1.767879528123947e+09,"_step":199,"epoch":199,"window_size":15,"_runtime":20590,"_wandb":{"runtime":20590},"train_loss_est":0.846051851010287,"train_loss_detection":0.13387755646840163,"train_loss":0.26421696904153563}