{"train_loss":0.30140170646588876,"window_size":32,"lr":0.0001,"_runtime":19199,"epoch":199,"_wandb":{"runtime":19199},"rnn_n_features":256,"_timestamp":1.7680829440394502e+09,"train_loss_detection":0.12275772463212448,"train_loss_est":1.1596037440609333,"_step":199}