{"window_size":30,"_runtime":13012,"train_loss_est":1.511124565039742,"_timestamp":1.76792000308155e+09,"train_loss":0.36329251376954663,"train_loss_detection":0.13049462150316352,"_wandb":{"runtime":13012},"_step":199,"epoch":199}