{"epoch":199,"train_loss_detection":0.14211184297260315,"train_loss_est":2.0500990443764326,"_runtime":14987,"train_loss":0.4579420203546542,"window_size":35,"_step":199,"_wandb":{"runtime":14987},"_timestamp":1.7679479277460454e+09}