{"window_size":32,"train_loss_detection":0.1338952382185564,"lr":0.0001,"_wandb":{"runtime":12606},"_step":199,"_timestamp":1.7680637411749659e+09,"train_loss_est":1.830192570543729,"rnn_n_features":128,"train_loss":0.4158474867901577,"_runtime":12606,"epoch":199}