{"_timestamp":1.7678519647390149e+09,"epoch":199,"_step":199,"train_loss_est":0.662200618419915,"train_loss":0.22936614893906043,"_wandb":{"runtime":16653},"_runtime":16653,"window_size":10,"train_loss_detection":0.13276051440567563}